<?xml version="1.0"?>
<ugc id="ugc" name="ugc" moreBg="0" moreProp="0" moreVideoProp="0" moreChar="0" moreMovie="0"><char id="585035" enc_asset_id="0u-vhCT7UJ_k" name="Ham Polo by PaulToon" published="1" facing="left" thumb="585036.swf" default="585036.swf"><tags>paultoon,star wars,han solo</tags><action id="585036.swf" name="Han solo default"/><action id="585037.swf" name="Han Solo talk"/><action id="640941.swf" name="Han Solo Draw Gun"/><action id="640943.swf" name="Han Solo Shoot Gun"/></char><char id="585038" enc_asset_id="0YFtWflJ-DTk" name="Munchy by PaulToon" published="1" facing="left" thumb="585039.swf" default="585039.swf"><tags>chewbacca,chewy,paultoon,star wars</tags><action id="585039.swf" name="Chewy default"/><action id="585041.swf" name="Chewy roar"/><action id="646385.swf" name="Munchy Draw Gun"/><action id="646386.swf" name="Muncy Stand with Gun"/><action id="646387.swf" name="Munchy Shoot Gun"/></char><char id="561462" enc_asset_id="0HboY-Qd8O48" name="Monkey Character by Sogeking" published="1" facing="left" thumb="561463.swf" default="561463.swf"><tags>sogeking</tags><action id="561463.swf" name="Stand"/><action id="561508.swf" name="angry"/><action id="561570.swf" name="bored"/><action id="561574.swf" name="confused"/><action id="561647.swf" name="dance"/><action id="561735.swf" name="desperate"/><action id="561850.swf" name="die"/><action id="561899.swf" name="drop_prop"/><action id="561940.swf" name="talk"/><action id="563982.swf" name="scared"/><action id="563994.swf" name="shy"/><action id="564013.swf" name="fart"/><action id="564023.swf" name="furious"/><action id="564048.swf" name="happy"/><action id="564069.swf" name="walk"/></char><char id="452780" enc_asset_id="0pgtuFRKoxSo" name="Orange" published="1" facing="left" thumb="452781.swf" default="452781.swf"><tags>orange-standing</tags><action id="452781.swf" name="orange-standing"/><action id="452782.swf" name="orange-close"/><action id="452783.swf" name="orange-open"/><action id="452784.swf" name="orange-talk"/><action id="515761.swf" name="orange-walk"/></char><char id="515763" enc_asset_id="0pLADs5vbL-g" name="Blue" published="1" facing="left" thumb="515764.swf" default="515764.swf"><tags>nicolas trashcan</tags><action id="515764.swf" name="blue-standing"/><action id="515765.swf" name="blue-open"/><action id="515767.swf" name="blue-close"/><action id="515768.swf" name="blue-talk"/><action id="515769.swf" name="blue-walk"/></char><char id="851906" enc_asset_id="0ayXzCbf6u6M" name="StickFighter" published="1" facing="left" thumb="851978.swf" default="851978.swf"><tags>coady,stickfighter,tnp</tags><action id="851978.swf" name="Ready to fight"/><action id="851982.swf" name="taunt"/><action id="851998.swf" name="frontflip"/><action id="852025.swf" name="headjab"/><action id="852029.swf" name="Jab"/><action id="856681.swf" name="hands up"/><action id="887226.swf" name="headjab1"/><action id="933389.swf" name="headKick"/><action id="933390.swf" name="gutkick"/><action id="938816.swf" name="footsweep"/><action id="939706.swf" name="Judo Chop"/><action id="939710.swf" name="headhook"/><action id="939711.swf" name="Jumpkick"/><action id="939838.swf" name="get hit head"/><action id="940047.swf" name="knockout head front"/><action id="940058.swf" name="all fours exhausted"/><action id="946274.swf" name="get hit gut"/><action id="1003951.swf" name="head multiple punches"/><action id="1004033.swf" name="kickbacktohead"/><action id="1004236.swf" name="superman"/><action id="1006340.swf" name="WalkFightReady2"/><action id="1017851.swf" name="footsweep, get hit"/><action id="1046931.swf" name="Double AxHandle"/><action id="1046933.swf" name="jump"/></char><char id="515771" enc_asset_id="0sa2KKuzoBx8" name="Green" published="1" facing="left" thumb="515772.swf" default="515772.swf"><tags>green-standing</tags><action id="515772.swf" name="green-standing"/><action id="515774.swf" name="green-open"/><action id="515776.swf" name="green-talk"/><action id="515777.swf" name="green-walk"/><action id="515779.swf" name="green-close"/></char><char id="515884" enc_asset_id="0-M-vauuqyJg" name="Red" published="1" facing="left" thumb="515885.swf" default="515885.swf"><tags>red-standing</tags><action id="515885.swf" name="red-standing"/><action id="515887.swf" name="red-close"/><action id="515888.swf" name="red-open"/><action id="515889.swf" name="red-talk"/><action id="515892.swf" name="red-walk"/></char><char id="452743" enc_asset_id="06reKiVB-eew" name="Pink" published="1" facing="left" thumb="452744.swf" default="452744.swf"><tags>pink-standing</tags><action id="452744.swf" name="pink-standing"/><action id="452745.swf" name="pink-close"/><action id="452746.swf" name="pink-open"/><action id="452747.swf" name="pink-talk"/><action id="452748.swf" name="pink-walk"/></char><char id="547421" enc_asset_id="0uYcMwXWUG5g" name="Cubic Cat" published="1" facing="left" thumb="547422.swf" default="547422.swf"><tags>cubicpets</tags><action id="547422.swf" name="standing"/><action id="547423.swf" name="talking"/><action id="547424.swf" name="sleeping"/><action id="547425.swf" name="shy"/><action id="547426.swf" name="walking"/></char><char id="564521" enc_asset_id="0mNxSf_HXUME" name="disco monkey by Sogeking" published="1" facing="left" thumb="564522.swf" default="564522.swf"><tags>sogeking</tags><action id="564522.swf" name="talk_disco"/><action id="564543.swf" name="stand_disco"/></char><char id="547437" enc_asset_id="0GTf6v2TGtMo" name="Bamboo" published="1" facing="left" thumb="547438.swf" default="547438.swf"><tags>watervalley</tags><action id="547438.swf" name="standing"/><action id="547439.swf" name="sit"/><action id="547440.swf" name="sit_talk"/><action id="547442.swf" name="walk"/><action id="554124.swf" name="talk"/></char><char id="547316" enc_asset_id="022ht8KJImMw" name="GIGI" published="1" facing="left" thumb="547317.swf" default="547317.swf"><tags>cutepets</tags><action id="547317.swf" name="stand"/><action id="547319.swf" name="shy"/><action id="547322.swf" name="sleeping"/><action id="547324.swf" name="walk"/><action id="547331.swf" name="furious"/></char><char id="547400" enc_asset_id="012_DbcAxD7I" name="Luna" published="1" facing="left" thumb="547406.swf" default="547406.swf"><tags>watervalley</tags><action id="547401.swf" name="bow_greet"/><action id="547402.swf" name="sit"/><action id="547403.swf" name="sit_read"/><action id="547405.swf" name="sit_talk"/><action id="547406.swf" name="standing"/><action id="547408.swf" name="talk"/><action id="547410.swf" name="walk"/></char><char id="233241" enc_asset_id="0zsKK6sx5vfY" name="Noni" published="1" facing="left" thumb="233242.swf" default="233242.swf"><tags>noni destruction goddess</tags><action id="233242.swf" name="Standing"/><action id="233243.swf" name="Jump"/><action id="233244.swf" name="Talk"/><action id="190997498.swf" name="001b_thumbnail"/></char><char id="591484" enc_asset_id="0VaeGlDPA8bM" name="Monkey teacher_by Sogeking" published="1" facing="left" thumb="591486.swf" default="591486.swf"><tags>monkey,sogeking,teacher</tags><action id="591485.swf" name="talk"/><action id="591486.swf" name="stand"/><action id="591496.swf" name="talk2"/></char><char id="547337" enc_asset_id="0HFXK1zE3xWY" name="SUSU" published="1" facing="left" thumb="547341.swf" default="547341.swf"><tags>cutepets</tags><action id="547338.swf" name="confused"/><action id="547339.swf" name="sad"/><action id="547341.swf" name="stand"/><action id="547343.swf" name="walk"/><action id="547351.swf" name="talk"/></char><char id="547369" enc_asset_id="0LL4eGzfrpTo" name="Cubic Bear" published="1" facing="left" thumb="547370.swf" default="547370.swf"><tags>cubicpets</tags><action id="547370.swf" name="standing"/><action id="547374.swf" name="talking"/><action id="547380.swf" name="grabbed"/><action id="547381.swf" name="walking"/><action id="547418.swf" name="sleeping"/></char><char id="564526" enc_asset_id="0X7WdlFjY3Bg" name="Monkey girl by Sogeking" published="1" facing="left" thumb="564527.swf" default="564527.swf"><tags>stand_girl</tags><action id="564527.swf" name="stand_girl"/><action id="564528.swf" name="shy_girl"/></char><char id="998655" enc_asset_id="099TWgdzYzM0" name="Gipsy" published="1" facing="left" thumb="1773356.swf" default="1773356.swf"><tags>gipsy,tnp</tags><action id="1773327.swf" name="Enojado"/><action id="1773342.swf" name="reirse"/><action id="1773345.swf" name="babear"/><action id="1773349.swf" name="soporte desde atr&#xE1;s"/><action id="1773351.swf" name="Jadeante"/><action id="1773356.swf" name="posici&#xF3;n"/><action id="1773360.swf" name="sacudi&#xF3;"/><action id="1773376.swf" name="sorprendido"/><action id="1773377.swf" name="hablar"/><action id="1773381.swf" name="Paseo"/><action id="111390364.swf" name="uppercut"/></char><char id="875334" enc_asset_id="0rsoosZFhiGo" name="Batty" published="1" facing="left" thumb="876057.swf" default="876057.swf"><tags>b&amp;aring;t,bat,b&#xE5;t,coady</tags><action id="875417.swf" name="Flying"/><action id="876057.swf" name="hanging still"/><action id="876179.swf" name="Batty Sleeping"/><action id="876227.swf" name="hanging talking"/></char><char id="1074104" enc_asset_id="0AfNMIPcRPFw" name="IsoBoy" published="1" facing="left" thumb="1074105.swf" default="1074105.swf"><tags>isometrix</tags><action id="1074105.swf" name="Front - Still"/><action id="1074106.swf" name="Front - Sitting"/><action id="1074109.swf" name="Front - Point"/><action id="1074110.swf" name="Front - Talk"/><action id="1074111.swf" name="Front - Walk"/><action id="1074120.swf" name="Side - Walk"/><action id="1074123.swf" name="Side - Sitting"/><action id="1074125.swf" name="Side - Point"/><action id="1074127.swf" name="Side - Fall"/><action id="1074129.swf" name="Side - Get Hit"/><action id="1074130.swf" name="Side - Hit"/><action id="1074133.swf" name="Back - Still"/><action id="1074135.swf" name="Back - Sitting"/><action id="1074137.swf" name="Back - Pointing"/><action id="1074138.swf" name="Back - Walk"/><action id="1074159.swf" name="Side - Still"/><action id="1097152.swf" name="Side - Talk"/><action id="1645340.swf" name="Front - Guitar"/></char><char id="1079680" enc_asset_id="0C5UHRBVNBQ8" name="Gert" published="1" facing="left" thumb="1086927.swf" default="1086927.swf"><tags>dinosaur,tnp</tags><action id="1086927.swf" name="Standing"/><action id="1086929.swf" name="Chewing"/><action id="1108631.swf" name="Talking"/><action id="1108663.swf" name="bend"/><action id="1111485.swf" name="run"/><action id="1223744.swf" name="Sad"/><action id="1229891.swf" name="Sad singing"/></char><char id="1082129" enc_asset_id="01rCfuCM41_Y" name="IsoSanta" published="1" facing="left" thumb="1082130.swf" default="1082130.swf"><tags>isometrix</tags><action id="1082130.swf" name="Front - Still"/><action id="1082133.swf" name="Front - Talk"/><action id="1082134.swf" name="Front - Point"/><action id="1082135.swf" name="Front - Sitting"/><action id="1085331.swf" name="Back - Still"/><action id="1085340.swf" name="Back - Pointing"/><action id="1085341.swf" name="Back - Sitting"/><action id="1085342.swf" name="Back - Walk"/><action id="1085615.swf" name="Side - Fall"/><action id="1085616.swf" name="Side - GetHit"/><action id="1085618.swf" name="Side - Hit"/><action id="1085620.swf" name="Side - Point"/><action id="1085621.swf" name="Side - Sitting"/><action id="1085624.swf" name="Side - Still"/><action id="1085629.swf" name="Side - Walk"/><action id="1097159.swf" name="Side - Talk"/></char><char id="774742" enc_asset_id="024TzhP5Z420" name="Isogirl" published="1" facing="left" thumb="1082219.swf" default="1082219.swf"><tags>isometrix</tags><action id="1082202.swf" name="Front - Sitting"/><action id="1082208.swf" name="Back - Sitting"/><action id="1082210.swf" name="Back - Still"/><action id="1082212.swf" name="Back - Walk"/><action id="1082214.swf" name="Back - Pointing"/><action id="1082216.swf" name="Front - Point"/><action id="1082219.swf" name="Front - Still"/><action id="1082220.swf" name="Front - Talk"/><action id="1082221.swf" name="Front - Walk"/><action id="1129808.swf" name="Side - Still"/><action id="1129897.swf" name="Side - Fall"/><action id="1129898.swf" name="Side - Get Hit"/><action id="1129899.swf" name="Side - Hit"/><action id="1129901.swf" name="Side - Point"/><action id="1129904.swf" name="Side - Sitting"/><action id="1129905.swf" name="Side - Talk"/><action id="1129906.swf" name="Side - Walk"/></char><char id="1129714" enc_asset_id="0vsgZIlBlF1Y" name="IsoBare" published="1" facing="left" thumb="1129716.swf" default="1129716.swf"><tags>isometrix</tags><action id="1129716.swf" name="Front - Still"/><action id="1141022.swf" name="Front - Point"/><action id="1141024.swf" name="Front - Sitting"/><action id="1141025.swf" name="Front - Talk"/><action id="1141032.swf" name="Front - Walk"/><action id="1141144.swf" name="Back - Pointing"/><action id="1141145.swf" name="Back - Sitting"/><action id="1141146.swf" name="Back - Still"/><action id="1141147.swf" name="Back - Walk"/><action id="1141277.swf" name="Side - Hit"/><action id="1141282.swf" name="Side - Talk"/><action id="1141292.swf" name="Side - Get Hit"/><action id="1141301.swf" name="Side - Fall"/><action id="1141318.swf" name="Side - Point"/><action id="1141319.swf" name="Side - Sitting"/><action id="1141320.swf" name="Side - Still"/><action id="1141321.swf" name="Side - Walk"/></char><char id="1085646" enc_asset_id="0n4UIs3v1Zuc" name="IsoSanta" published="1" facing="left" thumb="1085647.swf" default="1085647.swf"><tags>isometrix</tags><action id="1085647.swf" name="Front - Still"/><action id="1085649.swf" name="Back - Pointing"/><action id="1085650.swf" name="Back - Sitting"/><action id="1085653.swf" name="Back - Still"/><action id="1085655.swf" name="Back - Walk"/><action id="1085657.swf" name="Front - Point"/><action id="1085658.swf" name="Front - Sitting"/><action id="1085659.swf" name="Front - Talk"/><action id="1085661.swf" name="Front - Walk"/><action id="1085662.swf" name="Side - Fall"/><action id="1085663.swf" name="Side - GetHit"/><action id="1085665.swf" name="Side - Hit"/><action id="1085667.swf" name="Side - Point"/><action id="1085669.swf" name="Side - Sitting"/><action id="1085670.swf" name="Side - Still"/><action id="1085672.swf" name="Side - Walk"/><action id="1097160.swf" name="Side - Talk"/></char><char id="1164416" enc_asset_id="0ckZDiMtdEkc" name="TARDIS by section31" published="1" facing="left" thumb="1819265.swf" default="1819265.swf"><tags>dr who</tags><action id="1819245.swf" name="door opening"/><action id="1819248.swf" name="door closing"/><action id="1819249.swf" name="door opened"/><action id="1819265.swf" name="tardis"/><action id="1819267.swf" name="tardisappear"/><action id="1819270.swf" name="tardisdissappear"/></char><char id="1164668" enc_asset_id="0aPd6RJLBSqA" name="DALEK by section31" published="1" facing="left" thumb="1164669.swf" default="1164669.swf"><tags>default</tags><action id="1164669.swf" name="default"/><action id="1202469.swf" name="movehead"/><action id="1202491.swf" name="exterminate"/><action id="1202516.swf" name="wide beam exterminate"/><action id="1202541.swf" name="blackdalekdefault"/><action id="1202542.swf" name="blackdalekmovehead"/><action id="1202543.swf" name="blackdalekexterminate"/><action id="1731087.swf" name="reddalek1explode"/></char><char id="4645322" enc_asset_id="0h5Tgm0juxLM" name="ENTERPRISE AFT by solarbaby" published="1" facing="left" thumb="4645323.swf" default="4645323.swf"><tags>enterprise aft default</tags><action id="4645323.swf" name="enterprise aft default"/><action id="4645345.swf" name="enterprise aft fire phasers"/><action id="4675082.swf" name="fire phasers torps"/><action id="4675084.swf" name="fire torps"/><action id="4753097.swf" name="shuttle leave"/><action id="4753110.swf" name="shuttle land"/><action id="4753942.swf" name="shuttle doors close"/><action id="5043080.swf" name="ent aft fire top phasers"/><action id="23597553.swf" name="ent aft going to warp"/><action id="24227886.swf" name="enterprise aft fire phasers torps sound"/><action id="50132269.swf" name="leaking warp plasma"/><action id="50132346.swf" name="damaged nacelle"/><action id="53863841.swf" name="enterprise aft shuttle decompress"/><action id="56563035.swf" name="shuttle approachandland"/><action id="79490714.swf" name="enterprise aft OMEGA FLASH"/></char><char id="4754587" enc_asset_id="0cyJYP4-BOIc" name="GALILEO AFT by solarbaby" published="1" facing="left" thumb="4754588.swf" default="4754588.swf"><tags>aft default</tags><action id="4754588.swf" name=" AFT DEFAULT"/><action id="4754658.swf" name="WARP OUT"/><action id="4795386.swf" name="burn up"/><action id="4878559.swf" name="crashedaft"/></char><char id="1925052" enc_asset_id="0ACHiOBYSBUs" name="KTINGA FRONT by solarbaby" published="1" facing="left" thumb="1925053.swf" default="1925053.swf"><tags>default</tags><action id="1925053.swf" name=" DEFAULT"/><action id="1925057.swf" name="DE CLOAK"/><action id="1925066.swf" name="KTINGA CLOAK"/><action id="1925121.swf" name="KTINGA FRONT TORPEDOLIGHT"/><action id="4323301.swf" name=" SPIN WARP OUT"/></char><char id="1978343" enc_asset_id="0-x-NhR0haJA" name="Filliblustes Scorpion gunship" published="1" facing="left" thumb="1978344.swf" default="1978344.swf"><tags>default</tags><action id="1978344.swf" name="default"/><action id="1978487.swf" name="credits"/><action id="1979163.swf" name=" flying"/><action id="1984354.swf" name="missiles"/></char><char id="1969493" enc_asset_id="0rMcu1I2xjwc" name="CATHERINE WHEELS" published="1" facing="left" thumb="1969534.swf" default="1969534.swf"><tags>default</tags><action id="1969495.swf" name="move"/><action id="1969520.swf" name="spinaround"/><action id="1969534.swf" name="default"/><action id="1969570.swf" name=" fire energy blast"/><action id="1969571.swf" name=" fire energy blast still"/><action id="1969612.swf" name=" car park"/><action id="1969615.swf" name=" transmogrify"/></char><char id="2665444" enc_asset_id="0vW_rHXWWlIA" name="ROM BOP by solarbaby" published="1" facing="left" thumb="2665445.swf" default="2665445.swf"><tags>default</tags><action id="2665445.swf" name=" DEFAULT"/><action id="2665458.swf" name=" decloak"/><action id="2665466.swf" name="cloak"/><action id="2672400.swf" name="TORPEDOS"/><action id="5096801.swf" name="ROM BOP EXPLODE"/></char><char id="2953867" enc_asset_id="00mHyqhbqTl0" name="bop front by solarbaby" published="1" facing="left" thumb="2953868.swf" default="2953868.swf"><tags>default</tags><action id="2953868.swf" name="default"/><action id="5093729.swf" name=" front torpedos"/><action id="5097281.swf" name="bop front explode"/></char><char id="2954524" enc_asset_id="0LnyGBLtlP0o" name="BOP SIDE by solarbaby" published="1" facing="left" thumb="2954525.swf" default="2954525.swf"><tags>default</tags><action id="2954525.swf" name=" default"/><action id="5092273.swf" name="bop side torpedos"/><action id="5096192.swf" name="bop side explode"/></char><char id="2959056" enc_asset_id="0GjaTzbpu3jk" name="BOP AFT  by solarbaby" published="1" facing="left" thumb="2959057.swf" default="2959057.swf"><tags>default</tags><action id="2959057.swf" name=" default"/><action id="5073941.swf" name="bop AFT fire torpedos"/></char><char id="1973023" enc_asset_id="0bZKb6NG-8Pw" name="MILLENIUM FALCON " published="1" facing="left" thumb="1973024.swf" default="1973024.swf"><tags>default</tags><action id="1973024.swf" name=" DEFAULT"/><action id="1973027.swf" name=" LASERZ"/></char><char id="3249729" enc_asset_id="0DrcqOz3qAas" name="ENTERPRISE FRONT" published="1" facing="left" thumb="3249730.swf" default="3249730.swf"><tags>default</tags><action id="3249730.swf" name="default"/></char><char id="2634795" enc_asset_id="0i6tZxRoJ9_Q" name="ENT TOP OBLIQUE by solarbaby" published="1" facing="left" thumb="2634796.swf" default="2634796.swf"><tags>default</tags><action id="2634796.swf" name="DEFAULT"/><action id="2634802.swf" name="sheilds up"/><action id="2634814.swf" name="sheilds down"/><action id="2634826.swf" name="sheild on"/><action id="2634902.swf" name=" continuous  torpedo"/><action id="2634931.swf" name="fire 1 torpedo"/><action id="4714269.swf" name="sheild on fire side phasers"/><action id="23699210.swf" name=" ZOOM"/><action id="24755852.swf" name=" shield on fire side phasers"/><action id="58555786.swf" name="escape pods"/></char><char id="3473744" enc_asset_id="0n-DfHr2F4BU" name="OBERTH by solarbaby" published="1" facing="left" thumb="3473745.swf" default="3473745.swf"><tags>default</tags><action id="3473745.swf" name="default"/><action id="3479049.swf" name=" fire weapons"/><action id="3479178.swf" name="OBERTH "/></char><char id="4324159" enc_asset_id="0dqRH-8hwoLo" name="KTINGA SIDE OBLIQUE by solarbaby" published="1" facing="left" thumb="4324160.swf" default="4324160.swf"><tags>default</tags><action id="4324160.swf" name="DEFAULT"/><action id="4324488.swf" name=" PHASE OUT"/><action id="16409892.swf" name="cloak"/><action id="16410249.swf" name="Decloak"/><action id="16412240.swf" name="torpedoes"/></char><char id="9729292" enc_asset_id="0RISdiFpF5Ec" name="USS REPUBLIC" published="1" facing="left" thumb="9729535.swf" default="9729535.swf"><tags>default</tags><action id="9729293.swf" name=" Default"/><action id="9729535.swf" name=" ventral"/><action id="9729890.swf" name=" aft PHASERS"/><action id="9732465.swf" name="aft torpedos"/></char><char id="66709814" enc_asset_id="0UAxLnMPq7R8" name="Knuckles by Johnny Hotdog" published="1" facing="left" thumb="66709815.swf" default="66709815.swf"><tags>jhcharacters</tags><action id="66709815.swf" name="Knuckles"/><action id="66709876.swf" name="knuckles_ball"/><action id="66709921.swf" name="knuckles_ball_running"/><action id="66709932.swf" name="knuckles_run"/><action id="66709960.swf" name="knuckles_run2"/><action id="66709967.swf" name="knuckles_standby"/><action id="66712993.swf" name="knuckles_credits"/></char><char id="6883884" enc_asset_id="0hWxEnV3qtV8" name="DEFIANTTEST" published="1" facing="left" thumb="6883885.swf" default="6883885.swf"><tags>default</tags><action id="6883885.swf" name="DEFAULT"/><action id="6883900.swf" name="PHASERS"/></char><char id="87303429" enc_asset_id="0l10f2tqQDPA" name="Sonic by Chaostoon" published="1" facing="left" thumb="87305017.swf" default="87305017.swf"><tags>chaostoon</tags><action id="87303430.swf" name="Ball Rolling"/><action id="87303987.swf" name="Eat a Chilidog"/><action id="87304035.swf" name="Run 3"/><action id="87304062.swf" name="Homing"/><action id="87304085.swf" name="Homing Attack"/><action id="87304104.swf" name="Kick"/><action id="87304308.swf" name="Punch"/><action id="87304380.swf" name="Revv up Rolling Ball"/><action id="87304409.swf" name="Run 1"/><action id="87304503.swf" name="Stop"/><action id="87304548.swf" name="Spinball"/><action id="87304585.swf" name="Standing"/><action id="87304647.swf" name="Super Sonic flying"/><action id="87304677.swf" name="Angry"/><action id="87304739.swf" name="Happy"/><action id="87304775.swf" name="Laugh"/><action id="87304820.swf" name="Taunt"/><action id="87304851.swf" name="Thumbs Up"/><action id="87304920.swf" name="Super Sonic Transform"/><action id="87304942.swf" name="Super Sonic Transform Back"/><action id="87304960.swf" name="Turn into Spinball"/><action id="87305017.swf" name="Waiting"/><action id="87306283.swf" name="Run 2"/></char><char id="14187548" enc_asset_id="0kxcwuM1gfpU" name="Hidden Sonic 2" published="1" facing="left" thumb="14187550.swf" default="14187550.swf"><tags>sonic joke2</tags><action id="14187550.swf" name="Sonic Joke2"/></char><char id="13828229" enc_asset_id="0W5_DfosOLCI" name="Chaostoons Sonic" published="1" facing="left" thumb="13828231.swf" default="13828231.swf"><tags>aprilfoolsday2011</tags><action id="13828231.swf" name="APRILFOOLSDAY2011"/></char><char id="2179798" enc_asset_id="0hI70n9QQD3U" name="Chaostoons Wolfman" published="1" facing="left" thumb="2179814.swf" default="2179814.swf"><tags>chaostoon wolfman</tags><action id="2179800.swf" name="Wolf Step Forward"/><action id="2179802.swf" name="Wolf Back Breathing"/><action id="2179803.swf" name="Wolf Look Over Shoulder"/><action id="2179804.swf" name="Wolf Scary Look"/><action id="2179806.swf" name="Wolf Howl All Fours"/><action id="2179808.swf" name="Wolf Howl All Fours Night"/><action id="2179809.swf" name="Wolf Eye Squint"/><action id="2179810.swf" name="Wolf Running"/><action id="2179812.swf" name="Wolf Running Night"/><action id="2179813.swf" name="Wolf Dramatic Jaw Open"/><action id="2179814.swf" name="Wolf Standing"/><action id="2179815.swf" name="Wolf Howl Standing"/><action id="2179820.swf" name="Wolf Howl Standing Night"/><action id="2179826.swf" name="Wolf Walking"/></char><char id="1324346" enc_asset_id="0IxB2VaeOD7s" name="FA Artist" published="1" facing="left" thumb="1324355.swf" default="1324355.swf"><tags>chaostoon</tags><action id="1324347.swf" name="artist gets easel back CS4"/><action id="1324354.swf" name="Artist yelling hey CS4"/><action id="1324355.swf" name="i need help moving hold CS4"/><action id="1324358.swf" name="woah doctor bills CS4"/><action id="1324479.swf" name="artist whats FA CS4"/><action id="1324480.swf" name="Artist painting CS4"/><action id="1324569.swf" name="i need help CS4"/><action id="199399952.swf" name="Jack New Crying"/><action id="199400095.swf" name="Jack New Good Job"/><action id="200378157.swf" name="Queen angry"/></char><char id="1198772" enc_asset_id="0tPlBFvje_q0" name="Dragon by Chaostoon" published="1" facing="left" thumb="1198773.swf" default="1198773.swf"><tags>chaostoon dragon</tags><action id="1198773.swf" name="Standing"/><action id="1198775.swf" name="Throw Fire and Hover"/><action id="1198777.swf" name="Fly"/><action id="1198779.swf" name="Landing from Fly"/><action id="1198784.swf" name="Roar / Throw Fire"/><action id="1198785.swf" name="Roar Hold"/><action id="1198787.swf" name="Sad"/><action id="1198788.swf" name="Takeoff"/><action id="1198789.swf" name="Thinking"/><action id="1198790.swf" name="Upset"/><action id="1198793.swf" name="Walk"/><action id="1198801.swf" name="Throw Fire Flying"/></char><char id="9680294" enc_asset_id="0Sv2WWcHQH_k" name="tardis controls by solarbaby" published="1" facing="left" thumb="9680295.swf" default="9680295.swf"><tags>tardis controls</tags><action id="9680295.swf" name="tardis controls"/><action id="9680329.swf" name="tardis controlsoff"/></char><char id="66713375" enc_asset_id="0UW_KDvYvAoE" name="Dr.Eggman by Johnny Hotdog" published="1" facing="left" thumb="66713376.swf" default="66713376.swf"><tags>jhcharacters</tags><action id="66713376.swf" name="eggman_facefront"/><action id="66713389.swf" name="eggman_faceright"/><action id="66713581.swf" name="eggman_credits"/></char><char id="80552677" enc_asset_id="0Yn5W1GfQmL0" name="artoo by solarbaby" published="1" facing="left" thumb="80552678.swf" default="80552678.swf"><tags>default</tags><action id="80552678.swf" name="DEFAULT"/><action id="80552854.swf" name="ANGRY"/><action id="80553107.swf" name="TILT BACKWARDS"/><action id="80554100.swf" name="HEAD SPIN"/><action id="80554349.swf" name="hologram"/><action id="80554599.swf" name="OIL SLICK"/><action id="80556335.swf" name="ELECTRIC SHOCK"/></char><char id="72551015" enc_asset_id="0_YkbpBJ0XT0" name="golden gate bridge by solarbaby" published="1" facing="left" thumb="72551017.swf" default="72551017.swf"><tags>default</tags><action id="72551017.swf" name="default"/><action id="72552392.swf" name="blurry"/><action id="72552795.swf" name="night"/><action id="72554839.swf" name="moving traffic"/></char><char id="16378923" enc_asset_id="0mpc4r2qU5Sc" name="bop aft flat by solarbaby" published="1" facing="left" thumb="16378924.swf" default="16378924.swf"><tags>defualt</tags><action id="16378924.swf" name="defualt"/><action id="16379173.swf" name="cloak"/><action id="16380462.swf" name="decloak"/></char><char id="66712491" enc_asset_id="0EyxKBsHhbAY" name="Darth Vader by Johnny Hotdog" published="1" facing="left" thumb="66712492.swf" default="66712492.swf"><tags>jhcharacters</tags><action id="66712492.swf" name="Darth Vader"/><action id="66712510.swf" name="darthvader_back"/><action id="66712570.swf" name="darthvader_back_slash"/><action id="66712584.swf" name="darthvader_back_slash_2"/><action id="66712591.swf" name="darthvader_psy"/><action id="66712641.swf" name="darthvader_front_slash"/><action id="66712759.swf" name="darthvader_walk"/><action id="66712878.swf" name="darthvader_credits"/></char><char id="1905326" enc_asset_id="0XP0tnQxlaUQ" name="EXCELSIOR BELOW" published="1" facing="left" thumb="1905327.swf" default="1905327.swf"><tags>excelsior dorsla default</tags><action id="1905327.swf" name="excelsior dorsla default"/><action id="1905328.swf" name=" torpedos"/></char><char id="1894754" enc_asset_id="0a9oWAprfb3g" name="shuttlebay by solarbaby" published="1" facing="left" thumb="1894755.swf" default="1894755.swf"><tags>shuttlebay</tags><action id="1894755.swf" name="closed"/><action id="1894770.swf" name="opening"/><action id="1894772.swf" name="closing"/><action id="1894828.swf" name="opened"/><action id="57503006.swf" name="shuttle in hangar"/><action id="57504422.swf" name="shuttle hangar retract"/><action id="80107000.swf" name="shuttlebay rear"/></char><char id="1885278" enc_asset_id="0DFfEIvCTWKM" name="Police Car" published="1" facing="left" thumb="1885279.swf" default="1885279.swf"><tags>car,police,p&#xF3;lice,tet,tetpolicecar</tags><action id="1885279.swf" name="Parked"/><action id="1885281.swf" name="Cruising"/><action id="1885286.swf" name="Pursuit"/><action id="1885287.swf" name="Credit"/></char><char id="1814132" enc_asset_id="0Yf_DKtjoWV0" name="Demon Biker by Charles Zippel" published="1" facing="left" thumb="1814133.swf" default="1814133.swf"><tags>biker,cz,czdemonbiker,demon,tet,tetdemonbiker</tags><action id="1814133.swf" name="Stand"/><action id="1814135.swf" name="Stand Talk"/><action id="1814136.swf" name="Walk"/><action id="1814137.swf" name="Fighting Stance"/><action id="1814140.swf" name="Energy Blast Position"/><action id="1814141.swf" name="Point Arm"/><action id="1814144.swf" name="Punch"/><action id="1814146.swf" name="Sit"/><action id="1814149.swf" name="Motorbike Only"/><action id="1814150.swf" name="Ride Motorbike Slow"/><action id="1814161.swf" name="Ride Motorbike Fast"/><action id="1814162.swf" name="Credits"/><action id="1814222.swf" name="Get Hit"/><action id="1814225.swf" name="Get Knocked Out"/><action id="1814226.swf" name="Knocked Out"/><action id="1835556.swf" name="Double Punch"/><action id="1839298.swf" name="Ride Motorbike stopped"/></char><char id="1680552" enc_asset_id="0t7bx49C18Q4" name="Hoot" published="1" facing="left" thumb="1680553.swf" default="1680553.swf"><tags>hoot,owl,tethoot</tags><action id="1680553.swf" name="Standing"/><action id="1680794.swf" name="Sleeping"/><action id="1680909.swf" name="Talking"/><action id="1696746.swf" name="Credits"/><action id="1696921.swf" name="Look to side"/><action id="1764153.swf" name="Excited flap wings"/><action id="1764210.swf" name="Stand side"/><action id="1764293.swf" name="walk"/><action id="1764375.swf" name="Jump"/><action id="3786391.swf" name="Backview talking"/><action id="132008268.swf" name="walk and talk"/><action id="132785152.swf" name="Talk side"/></char><char id="1498163" enc_asset_id="0tdY3jDJX3bo" name="Kung Fu Cat by cool34606" published="1" facing="left" thumb="1498164.swf" default="1498164.swf"><tags>cool34606,kung fu cat,tet,cool34606kfc</tags><action id="1498164.swf" name="Kung Fu Cat Stand Front"/><action id="1498381.swf" name="KFC Double Kick Front"/><action id="1498715.swf" name="KFC Fighting Stance"/><action id="1498981.swf" name="KFC Fighting Stance Walk"/><action id="1508763.swf" name="KFC Fighting Stance Punch"/><action id="1508930.swf" name="KFC Fighting Stance kick"/><action id="1508986.swf" name="Kung Fu Cat credits"/><action id="1509040.swf" name="KFC Fighting Stance energyblast"/><action id="1509249.swf" name="KFC Fighting Stance Talk"/><action id="1509260.swf" name="KFC Sitting"/><action id="1509485.swf" name="KFC Talk"/><action id="1510725.swf" name="KFC Stand Side"/><action id="1515229.swf" name="KFC Walk"/><action id="1588452.swf" name="KFC Fighting Stance Scratch"/><action id="1588455.swf" name="KFC Get knocked Out"/><action id="1588461.swf" name="KFC Knocked Out"/><action id="1764037.swf" name="KFC Get Hit"/></char><char id="48700045" enc_asset_id="0X54rq8sWe-o" name="PezNicolas" published="1" facing="left" thumb="48700046.swf" default="48700046.swf"><tags>nicolas,nicol&#xE1;s</tags><action id="48700046.swf" name="Default"/></char><char id="48700020" enc_asset_id="0tyM_iAHRXoM" name="PezKirk" published="1" facing="left" thumb="48700021.swf" default="48700021.swf"><tags>star trek</tags><action id="48700021.swf" name="Default"/></char><char id="48699994" enc_asset_id="0_z1xqbTE1A0" name="PezSpock" published="1" facing="left" thumb="48699995.swf" default="48699995.swf"><tags>star trek</tags><action id="48699995.swf" name="Default"/></char><char id="10592575" enc_asset_id="0973zOdsu8a0" name="Goomba" published="1" facing="left" thumb="10592576.swf" default="10592576.swf"><tags>goomba,nicolas</tags><action id="10592576.swf" name="Stand"/><action id="10592621.swf" name="Walk"/><action id="10596740.swf" name="Walk - slower"/><action id="10596843.swf" name="Blink"/><action id="16295157.swf" name="Squashed"/><action id="16295252.swf" name="SquashedWalk"/><action id="16295297.swf" name="UnSquashed"/><action id="16295786.swf" name="SquashedToDeath"/><action id="16297426.swf" name="Talk"/></char><char id="8567641" enc_asset_id="010pYveYJqZM" name="Karl" published="1" facing="left" thumb="8567642.swf" default="8567642.swf"><tags>standing</tags><action id="8567642.swf" name="Standing"/></char><char id="1892366" enc_asset_id="0onhFNZmpqt8" name="i-Iso" published="1" facing="left" thumb="1892367.swf" default="1892367.swf"><tags>isometrix</tags><action id="1892367.swf" name="Front - Still"/><action id="1892384.swf" name="Front - Talk"/><action id="1892387.swf" name="Front - Walk"/><action id="1892393.swf" name="Front - Sitting"/><action id="1892437.swf" name="Front - Point"/></char><char id="1839603" enc_asset_id="0O9UlYD68URI" name="IsoArgentina" published="1" facing="left" thumb="1839604.swf" default="1839604.swf"><tags>isometrix</tags><action id="1839604.swf" name="Front - Still"/><action id="1839612.swf" name="Front- Sitting"/><action id="1839613.swf" name="Front - Talk"/><action id="1839616.swf" name="Front - Walk"/><action id="1839631.swf" name="Back - Still"/><action id="1839632.swf" name="Back - Sitting"/><action id="1839633.swf" name="Back - Walk"/><action id="1839645.swf" name="Side - Walk"/><action id="1839646.swf" name="Side - Kick"/><action id="1839647.swf" name="Side - Sitting"/><action id="1839648.swf" name="Side - Still"/><action id="1839649.swf" name="Side - Talk"/></char><char id="1780115" enc_asset_id="0N-MhMzJLPOI" name="IsoFrance" published="1" facing="left" thumb="1780116.swf" default="1780116.swf"><tags>isometrix</tags><action id="1780116.swf" name="Front - Still"/><action id="1780415.swf" name="Front - Sitting"/><action id="1780418.swf" name="Front - Talk"/><action id="1780424.swf" name="Front - Walk"/><action id="1783863.swf" name="Side - Still"/><action id="1783864.swf" name="Side - Talk"/><action id="1783865.swf" name="Side - Walk"/><action id="1783866.swf" name="Side - Sitting"/><action id="1783867.swf" name="Back - Still"/><action id="1783869.swf" name="Back - Sitting"/><action id="1783870.swf" name="Back - Walk"/><action id="1798149.swf" name="Side - Kick"/></char><char id="1645452" enc_asset_id="0DvtSlLV1OME" name="IsoInvasion" published="1" facing="left" thumb="1645453.swf" default="1645453.swf"><tags>isometrix</tags><action id="1645453.swf" name="Front - Still"/><action id="1645455.swf" name="Back - Still"/></char><char id="1235597" enc_asset_id="0pJX_5Nv3p7U" name="IsoCar" published="1" facing="left" thumb="1235598.swf" default="1235598.swf"><tags>isometrix</tags><action id="1235598.swf" name="Side - Occupied"/><action id="1235599.swf" name="Side - Empty"/></char><char id="1167870" enc_asset_id="0LNZkxJWsJZE" name="IsoBoss" published="1" facing="left" thumb="1167888.swf" default="1167888.swf"><tags>isometrix</tags><action id="1167882.swf" name="Front - Point"/><action id="1167883.swf" name="Front - Sitting"/><action id="1167884.swf" name="Front - Talk"/><action id="1167887.swf" name="Front - Walk"/><action id="1167888.swf" name="Front - Still"/><action id="1168119.swf" name="Back - Still"/><action id="1168121.swf" name="Back - Pointing"/><action id="1168123.swf" name="Back - Sitting"/><action id="1168124.swf" name="Back - Walk"/><action id="1168125.swf" name="Side - Still"/><action id="1168236.swf" name="Side - Fall"/><action id="1168238.swf" name="Side - Get Hit"/><action id="1168239.swf" name="Side - Hit"/><action id="1168242.swf" name="Side - Point"/><action id="1168243.swf" name="Side - Sitting"/><action id="1168244.swf" name="Side - Talk"/><action id="1168245.swf" name="Side - Walk"/><action id="1190083.swf" name="Front - Read"/><action id="1572891.swf" name="Front - Guitar"/></char><char id="1359681" enc_asset_id="0Y9cXDmrKU2c" name="picg" published="1" facing="left" thumb="1359682.swf" default="1359682.swf"><tags>43_pig</tags><action id="1359682.swf" name="43_pig"/></char><char id="907852" enc_asset_id="0K87CvwUiO6M" name="Match Cool" published="1" facing="left" thumb="907853.swf" default="907853.swf"><tags>match</tags><action id="907853.swf" name="stand"/><action id="907856.swf" name="walk"/><action id="907857.swf" name="attack"/><action id="919952.swf" name="look at watch"/><action id="919970.swf" name="attack 2"/><action id="920009.swf" name="talk"/></char><char id="8981490" enc_asset_id="0iArRJoeDQOA" name="Horse Gallop" published="1" facing="left" thumb="8981491.swf" default="8981491.swf"><tags>sweetgallop</tags><action id="8981491.swf" name="Horse Test"/></char><char id="1146317" enc_asset_id="0HNetixrVNZU" name="PURPLE CENTURION =SECTION31" published="1" facing="left" thumb="1146318.swf" default="1146318.swf"><tags>section31</tags><action id="1146318.swf" name="STANDING"/><action id="1146319.swf" name="WALK"/><action id="1146855.swf" name="DISRUPTOR POINT LEFT"/><action id="1146942.swf" name="WALK RIGHT"/><action id="1147038.swf" name="FIRE RIGHT"/></char><char id="1147194" enc_asset_id="0qj9qyPCcZts" name="BLUE CENTURION=SECTION31" published="1" facing="left" thumb="1147195.swf" default="1147195.swf"><tags>section31</tags><action id="1147195.swf" name="STAND RIGHT"/><action id="1147200.swf" name="FIRE RIGHT"/><action id="1147201.swf" name="POINT DISRUPTOR"/></char><char id="1867628" enc_asset_id="0b5IiB0qOvB8" name="MUTANTDALEK by solarbaby" published="1" facing="left" thumb="1867629.swf" default="1867629.swf"><tags>mutant dalekdead</tags><action id="1867629.swf" name="mutant dalekdead"/><action id="1867631.swf" name="MOVING"/></char><char id="1856666" enc_asset_id="0bsViT1qcFZ0" name="lampost" published="1" facing="left" thumb="1856667.swf" default="1856667.swf"><tags>default</tags><action id="1856667.swf" name="default"/><action id="1856670.swf" name="on"/><action id="1856678.swf" name="shine on"/><action id="1856680.swf" name="shine off"/><action id="1856697.swf" name="flicker"/><action id="1856718.swf" name="shine"/></char><char id="1819715" enc_asset_id="0mSEVrDqNf70" name="Spinning Tardis by section31" published="1" facing="left" thumb="1819747.swf" default="1819747.swf"><tags>tardis  spinround</tags><action id="1819721.swf" name="phase out"/><action id="1819724.swf" name="phasein"/><action id="1819747.swf" name="spinround"/></char><char id="1757567" enc_asset_id="0jffZvvh51-4" name="DEEPSPACENINE by solarbaby" published="1" facing="left" thumb="1757568.swf" default="1757568.swf"><tags>default</tags><action id="1757568.swf" name="DEFAULT"/><action id="1757573.swf" name="firephaser"/></char><char id="1687187" enc_asset_id="0BbRA-sHelFw" name="GOLD DALEK" published="1" facing="left" thumb="1687188.swf" default="1687188.swf"><tags>deafault</tags><action id="1687188.swf" name="DEAFAULT"/><action id="1687190.swf" name="movehead "/><action id="1687193.swf" name="Exterminate "/><action id="1687217.swf" name="exterminate2 "/><action id="1731223.swf" name="golddalek1explode"/></char><char id="1687173" enc_asset_id="0xbxWAaeUU18" name="BLUE DALEK" published="1" facing="left" thumb="1687174.swf" default="1687174.swf"><tags>default</tags><action id="1687174.swf" name="DEFAULT"/><action id="1687180.swf" name="exterminate "/><action id="1687184.swf" name="movehead "/><action id="1687214.swf" name="exterminate"/><action id="1731152.swf" name="bluedalek1explode"/></char><char id="1667228" enc_asset_id="0xr4XDVXDysE" name="JEAP" published="1" facing="left" thumb="1667586.swf" default="1667586.swf"><tags>jeap by section31</tags><action id="1667230.swf" name="jeapdrive"/><action id="1667586.swf" name="jeap door close"/><action id="1667588.swf" name="jeap door open"/><action id="1667591.swf" name="jeap"/><action id="1667597.swf" name="jeap door opened"/><action id="1667819.swf" name="jeapsidedrive"/><action id="1688181.swf" name="jeapsidestill"/></char><char id="1636962" enc_asset_id="09_rL5B9wzBE" name="HUMPTY DUMPTY" published="1" facing="left" thumb="1636963.swf" default="1636963.swf"><tags>humpty</tags><action id="1636963.swf" name="humpty"/><action id="1637066.swf" name="humptyNAUGHTY"/></char><char id="1634460" enc_asset_id="0h2RymoIH5Tw" name="bird of prey front by solarbaby" published="1" facing="left" thumb="1634490.swf" default="1634490.swf"><tags>bird of prey front section31</tags><action id="1634464.swf" name="bird of prey front cloak"/><action id="1634466.swf" name="bird of prey front decloak"/><action id="1634474.swf" name="bird of prey front shields"/><action id="1634488.swf" name="bird of prey front torpedo"/><action id="1634490.swf" name="bird of prey front disruptors"/><action id="2635563.swf" name="bird of prey front default"/></char><char id="1400048" enc_asset_id="0FntDZJvYMFo" name="Klingon aft by solarbaby" published="1" facing="left" thumb="1400049.swf" default="1400049.swf"><tags>default</tags><action id="1400049.swf" name="DEFAULT"/><action id="1400050.swf" name="TORPEDOS"/><action id="1400051.swf" name="PHASERS"/><action id="1892933.swf" name="KTINGA cloak"/><action id="1892934.swf" name="KTINGA decloak"/></char><char id="1306082" enc_asset_id="0fVoSOcNaSaM" name="CATWOMAN" published="1" facing="left" thumb="1306181.swf" default="1306181.swf"><tags>stand</tags><action id="1306135.swf" name="scheming"/><action id="1306164.swf" name="walk"/><action id="1306181.swf" name="stand"/><action id="1307395.swf" name="kiss"/><action id="1985062.swf" name="threaten"/><action id="1985067.swf" name=" murdered"/><action id="1985105.swf" name="talk"/><action id="1985156.swf" name=" think"/><action id="1985823.swf" name="on bike"/></char><char id="1271772" enc_asset_id="0hJcKPI7b9Qo" name="BATOMBILE by section31" published="1" facing="left" thumb="1271787.swf" default="1271787.swf"><tags>batman</tags><action id="1271773.swf" name="DRIVE HEADLIGHTS"/><action id="1271776.swf" name="parked"/><action id="1271778.swf" name="lights on"/><action id="1271779.swf" name="lights off"/><action id="1271787.swf" name="default"/></char><char id="1205495" enc_asset_id="0K93HuQhwxFY" name="HOLODECK DOORS" published="1" facing="left" thumb="1205503.swf" default="1205503.swf"><tags>section31</tags><action id="1205503.swf" name=" CLOSED"/><action id="1205504.swf" name=" OPEN"/><action id="1210934.swf" name="OPENING"/><action id="1210946.swf" name="CLOSING"/></char><char id="1166428" enc_asset_id="0hZSrz1EbOE8" name="REPLICATORCUP" published="1" facing="left" thumb="1166435.swf" default="1166435.swf"><tags>replicatorcuponly</tags><action id="1166435.swf" name="STILL"/><action id="1166439.swf" name="ONLY"/></char><char id="1164896" enc_asset_id="0zPMwQIUD31c" name="enterprise by solarbaby" published="1" facing="left" thumb="1164903.swf" default="1164903.swf"><tags>section31</tags><action id="1164900.swf" name=" battledamaged"/><action id="1164903.swf" name="default1"/><action id="1164943.swf" name="shields2"/><action id="1893019.swf" name="enterprise redphasers"/><action id="1893020.swf" name="enterprise torpedos"/><action id="1893624.swf" name="enterprise explode"/><action id="2622755.swf" name="enterprise battledamagednofire"/><action id="2628022.swf" name="leaving warp"/><action id="2633455.swf" name="ENT TOP ZOOM"/><action id="2633476.swf" name="ENT TOP OBLIQUE"/><action id="3422424.swf" name="enterprise silhouette"/><action id="4943041.swf" name="enterprise default tholian web trapped"/><action id="4984750.swf" name="enterprise default tholian web warp"/><action id="5066009.swf" name="materialise"/><action id="5066013.swf" name="dematerialise"/><action id="5066164.swf" name="leaving warp2"/></char><char id="1154816" enc_asset_id="0TFqgYtkPXcM" name="ROMULAN WARBIRD" published="1" facing="left" thumb="1154817.swf" default="1154817.swf"><tags>section31</tags><action id="1154817.swf" name="default"/><action id="1154820.swf" name="default"/><action id="1154919.swf" name=" fire disruptors"/><action id="1154924.swf" name="continuous fire"/><action id="1154936.swf" name="fire tirpedoes"/><action id="1154972.swf" name="decloak"/><action id="1156192.swf" name=" shield hit"/><action id="1156270.swf" name="shields up"/><action id="1156296.swf" name="shields and torpedos"/><action id="1156315.swf" name="torpedoesdisruptors"/><action id="1156318.swf" name="shields/torpedoes/disruptors"/><action id="1156331.swf" name="diruptors shields"/><action id="1156356.swf" name="LOWER SHIELDS"/><action id="1156428.swf" name="shields down"/><action id="1918427.swf" name="decloak melt"/><action id="1918470.swf" name="cloak melt"/></char><char id="1148845" enc_asset_id="0xDwXYSA0t-o" name="PICARD" published="1" facing="left" thumb="1151155.swf" default="1151155.swf"><tags>dematerialise</tags><action id="1148846.swf" name=" dematerialise"/><action id="1148867.swf" name="materialise"/><action id="1151103.swf" name="walk"/><action id="1151155.swf" name="stand"/><action id="1177214.swf" name="PICARD walk2"/><action id="1186425.swf" name="PICARD STANDblink"/><action id="1186691.swf" name=" STAND Talk"/><action id="1191156.swf" name=" walk left"/><action id="1191182.swf" name="STAND Talkleft"/><action id="1191241.swf" name=" STAND blink right"/><action id="1192213.swf" name="SHOCKED"/><action id="1199177.swf" name="CALCULATE"/><action id="1205275.swf" name="sit"/><action id="1205289.swf" name=" sit left"/><action id="1205301.swf" name="sit talk"/><action id="1205303.swf" name=" sit left talk"/><action id="1208145.swf" name="TURD SHOCKED"/><action id="1208198.swf" name=" TURD STAND Talkleft"/><action id="1208227.swf" name="TURD STAND left"/><action id="1211241.swf" name="SHOCKED LEFT"/><action id="1211879.swf" name="SNIFFUP"/><action id="1212111.swf" name="MAKE IT SO"/><action id="1251971.swf" name="PICARD TURBULANCE LEFT"/><action id="1252428.swf" name="TURBULANCE RIGHT"/><action id="1260543.swf" name="STANDblinkbreathe"/><action id="1260544.swf" name="blink left breathe"/><action id="1268137.swf" name="ferengi tubulance"/><action id="1280975.swf" name="mucus walk left"/><action id="1280994.swf" name="MUCUS amp STAND TALK"/><action id="1284638.swf" name="walk talk left"/><action id="1339002.swf" name="MUCUS AMPUTATED"/><action id="1946022.swf" name="make it so right"/></char><char id="652890" enc_asset_id="0_vRN23IYe-o" name="Roundie" published="1" facing="left" thumb="652891.swf" default="652891.swf"><tags>standing</tags><action id="652891.swf" name="standing"/><action id="652892.swf" name="walk"/></char></ugc>
